toptier_agency_id,create_date,update_date,cgac_code,fpds_code,abbreviation,name,COFOG,mission,website,icon_filename
2,1517428374.21179,1520545204.45677,1,100,AOC,Architect of the Capitol,1,,,
3,1517428374.22945,1520545204.47141,3,300,LOC,Library of Congress,1,,,
4,1517428374.27144,1520545204.5036,4,400,GPO,Government Publishing Office,1,,,
5,1517428374.29019,1520545204.51713,5,500,GAO,Government Accountability Office,1,"Our Mission is to support the Congress in meeting its constitutional responsibilities and to help improve the performance and ensure the accountability of the federal government for the benefit of the American people. We provide Congress with timely information that is objective, fact-based, nonpartisan, nonideological, fair, and balanced.",https://www.gao.gov/,
6,1517428374.33422,1520545204.54958,8,800,CBO,Congressional Budget Office,1,,,
13,1517428375.31782,1520545205.60377,1133,1153,USTDA,United States Trade and Development Agency,1,The U.S. Trade and Development Agency helps companies create U.S. jobs through the export of U.S. goods and services for priority development projects in emerging economies.â  USTDA links U.S. businesses to export opportunities by funding project preparation and partnership building activities that develop sustainable infrastructure and foster economic growth in partner countries.,https://www.ustda.gov/,
15,1517428376.46443,1520545206.5759,13,1300,DOC,Department of Commerce,4,The mission of the Department is to create the conditions for economic growth and opportunity.,https://www.commerce.gov/,DOC.jpg
16,1517428376.78725,1520545206.82853,14,1400,DOI,Department of the Interior,1,"The Department of the Interior protects and manages the Nation's natural resources and cultural heritage; provides scientific and other information about those resources; and honors its trust responsibilities or special commitments to American Indians, Alaska Natives, and affiliated island communities.",https://www.doi.gov/,DOI.jpg
17,1517428377.31801,1520545207.24576,15,1500,DOJ,Department of Justice,3,To enforce the law and defend the interests of the United States according to the law; to ensure public safety against threats foreign and domestic; to provide federal leadership in preventing and controlling crime; to seek just punishment for those guilty of unlawful behavior; and to ensure fair and impartial administration of justice for all Americans.,https://www.justice.gov/,DOJ.jpg
18,1517428377.50992,1520545207.47849,1601,1600,DOL,Department of Labor,10,"To foster, promote, and develop the welfare of the wage earners, job seekers, and retirees of the United States; improve working conditions; advance opportunities for profitable employment; and assure work-related benefits and rights.",https://www.dol.gov/,DOL.jpg
19,1517428378.01647,1520545207.96027,1602,1665,PBGC,Pension Benefit Guaranty Corporation,10,"Enhance retirement security by preserving and encouraging the continuation of private pension plans, and protecting the benefits of workers and retirees in traditional pension plans.",https://www.pbgc.gov/,
21,1517428378.11433,1520545208.03514,19,1900,DOS,Department of State,1,"The Department's mission is to shape and sustain a peaceful, prosperous, just, and democratic world and foster conditions for stability and progress for the benefit of the American people and people everywhere. This mission is shared with the USAID, ensuring we have a common path forward in partnership as we invest in the shared security and prosperity that will ultimately better prepare us for the challenges of tomorrow.",https://www.state.gov/,DOS.jpg
22,1517428379.87709,1520545209.3744,20,2000,TREAS,Department of the Treasury,1,"Maintain a strong economy and create economic and job opportunities by promoting the conditions that enable economic growth and stability at home and abroad, strengthen national security by combating threats and protecting the integrity of the financial system, and manage the U.S. Government's finances and resources effectively.",https://www.treasury.gov/,DOT.jpg
23,1517428380.47156,1520545209.82079,23,2300,,U.S. Tax Court,1,,,
24,1517428380.48938,1520545209.83495,24,2400,OPM,Office of Personnel Management,4,"Recruit, retain, and honor a world-class workforce to serve the American people.",https://www.opm.gov/,OPM.jpg
25,1517428380.89313,1520545210.16627,25,2500,NCUA,National Credit Union Administration,10,"Provide, through regulation and supervision, a safe and sound credit union system, which promotes confidence in the national system of cooperative credit.",https://www.ncua.gov/,
26,1517428380.92345,1520545210.18995,26,2600,FRTIB,Federal Retirement Thrift Investment Board,10,,,
27,1517428380.94133,1520545210.20416,27,2700,FCC,Federal Communications Commission,4,"The Federal Communications Commission regulates interstate and international communications by radio, television, wire, satellite, and cable in all 50 states, the District of Columbia and U.S. territories. An independent U.S. government agency overseen by Congress, the Commission is the federal agency responsible for implementing and enforcing America's communications law and regulations.",https://www.fcc.gov/,
28,1517428380.95889,1520545210.21764,28,2800,SSA,Social Security Administration,10,Deliver Social Security services that meet the changing needs of the public.,https://www.ssa.gov/,SSA.png
29,1517428381.12574,1520545210.4762,29,2900,FTC,Federal Trade Commission,4,"Working to protect consumers by preventing anticompetitive, deceptive, and unfair business practices, enhancing informed consumer choice and public understanding of the competitive process, and accomplishing this without unduly burdening legitimate business activity.",https://www.ftc.gov/,
30,1517428381.14339,1520545210.49024,30,3000,ICC,Interstate Commerce Commission,4,,,
31,1517428381.1609,1520545210.50444,31,3100,NRC,Nuclear Regulatory Commission,4,To ensure the safe use of radioactive materials for beneficial civilian purposes while protecting people and the environment.,https://www.nrc.gov/,NRC.jpg
32,1517428381.17854,1520545210.51763,3300,3300,SI,Smithsonian Institution,8,,,
33,1517428381.2086,1520545210.54094,3303,3300,WILSON CENTER,Woodrow Wilson International Center for Scholars,8,,,
34,1517428381.22666,1520545210.55424,3301,3352,KENNEDY CENTER,John F. Kennedy Center for the Performing Arts,8,,http://www.kennedy-center.org/,
35,1517428381.24466,1520545210.56747,3302,3355,,National Gallery of Art,8,,,
7,1517428374.35159,1520545204.56305,9,,,Legislative Branch Boards and Commissions,1,,,
8,1517428374.51477,1520545204.77756,10,1000,,The Judicial Branch,3,,,
9,1517428374.76429,1520545204.97276,1100,1100,EOP,Executive Office of the President,1,The EOP has responsibility for tasks ranging from communicating the President's message to the American people to promoting our trade interests abroad.,https://www.whitehouse.gov/administration/eop,
37,1517428381.2797,1520545210.59502,36,3600,VA,Department of Veterans Affairs,10,"To fulfill President Lincoln's promise ""To care for him who shall have borne the battle, and for his widow, and his orphan"" by serving and honoring the men and women who are America's veterans.",https://www.va.gov/,DOVA.jpg
39,1517428381.92209,1520545211.17069,45,4500,EEOC,Equal Employment Opportunity Commission,10,Stop and Remedy Unlawful Employment Discrimination,https://www.eeoc.gov/,
139,1517428392.67201,1520545220.47942,321,,,Commission for the Preservation of America's Heritage Abroad,8,,http://www.heritageabroad.gov/,
40,1517428381.96446,1520545211.20341,47,4700,GSA,General Services Administration,1,"The mission of GSA is to deliver the best value in real estate, acquisition, and technology services to government and the American people.",https://www.gsa.gov/,GSA.jpg
41,1517428382.38808,1520545211.53032,584,4811,ILOC,Indian Law and Order Commission,1,,,
42,1517428382.4056,1520545211.56015,453,4817,SJI,State Justice Institute,3,,,
43,1517428382.42333,1520545211.57344,435,4849,ONHIR,Office of Navajo and Hopi Indian Relocation,10,,,
44,1517428382.4408,1520545211.61725,376,9554,USICH,U.S. Interagency Council on Homelessness,10,To coordinate the federal response to homelessness and to create a national partnership at every level of government and with the private sector to reduce and end homelessness in the nation while maximizing the effectiveness of the federal government in contributing to the end of homelessness.,https://www.usich.gov/,
45,1517428382.49036,1520545211.63112,431,4856,NWTRB,Nuclear Waste Technical Review Board,5,,,
46,1517428382.508,1520545211.64527,49,4900,NSF,National Science Foundation,1,"To promote the progress of science; to advance the national health, prosperity, and welfare; to secure the national defense; and for other purposes.",https://www.nsf.gov/,NSF.jpg
48,1517428382.85133,1520545211.905,576,5094,SIPC,Securities Investor Protection Corporation,4,,,
10,1517428375.01562,1520545205.25448,1136,1100,USADF,African Development Foundation,1,USADF is an independent U.S. Government agency established to support and invest in African owned and led enterprises that improve the lives and livelihoods of people in poor communities in Africa.,http://www.usadf.gov/,
11,1517428375.03795,1520545205.36274,1130,1100,IAF,Inter-American Foundation,1,"To identify, support, and partner with the poor, their enterprises and grassroots organizations to create and build thriving communities.",www.iaf.gov/,
47,1517428382.83339,1520545211.89117,50,5000,SEC,Securities and Exchange Commission,4,"The mission of the SEC is to protect investors; maintain fair, orderly, and efficient markets; and facilitate capital formation. The SEC strives to promote a market environment that is worthy of the public's trust.",https://www.sec.gov/,
49,1517428382.86882,1520545211.9185,51,5100,FDIC,Federal Deposit Insurance Corporation,4,The Federal Deposit Insurance Corporation (FDIC) is an independent agency created by the Congress to maintain stability and public confidence in the nation's financial system by: insuring deposits; examining and supervising financial institutions for safety and soundness and consumer protection; making large and complex financial institutions resolvable; and managing receiverships.,https://www.fdic.gov/,
50,1517428382.88687,1520545211.94685,534,5200,ARCTIC GAS,Office of the Federal Coordinator for Alaska Natural Gas Transportation Projects,4,,,
51,1517428382.92001,1520545211.96092,54,5400,FLRA,Federal Labor Relations Authority,4,"The FLRA promotes stable, constructive labor-management relations through the resolution and prevention of labor disputes in a manner that gives full effect to the collective-bargaining rights of employees, unions, and agencies.",https://www.flra.gov/,
52,1517428382.93771,1520545211.97513,56,5600,CIA,Central Intelligence Agency,2,,,
53,1517428382.95522,1520545211.989,417,5920,NEA,National Endowment for the Arts,8,"The National Endowment for the Arts is an independent federal agency that funds, promotes, and strengthens the creative capacity of our communities by providing all Americans with diverse opportunities for arts participation.",https://www.arts.gov/,
54,1517428383.0222,1520545212.04292,418,5940,NEH,National Endowment for the Humanities,8,The National Endowment for the Humanities serves and strengthens our nation by supporting high quality projects and programs in the humanities and by making the humanities available to all Americans.,https://www.neh.gov/,
55,1517428383.04036,1520545212.05647,60,6000,RRB,Railroad Retirement Board,10,"The RRB's mission is to administer retirement/survivor and unemployment/sickness insurance benefit programs for railroad workers and their families under the Railroad Retirement Act and the Railroad Unemployment Insurance Act.  These programs provide income protection during old age and in the event of disability, death or temporary unemployment and sickness.  The RRB also administers aspects of the Medicare program and has administrative responsibilities under the Social Security Act and the Internal Revenue Code.  In carrying out its mission, the RRB will pay benefits to the right people, in the right amounts, in a timely manner, and will take appropriate action to safeguard our customers' trust funds.  The RRB will treat every person who comes into contact with the agency with courtesy and concern, and respond to all inquiries promptly, accurately and clearly.",https://www.rrb.gov/,
56,1517428383.05835,1520545212.07062,61,6100,CPSC,Consumer Product Safety Commission,4,Keeping Consumers Safe,https://www.cpsc.gov/,
57,1517428383.07594,1520545212.09832,62,6201,OSC,Office of Special Counsel,1,"OSC's primary mission is to safeguard the merit system by protecting federal employees and applicants from prohibited personnel practices, especially reprisal for whistleblowing.",https://osc.gov/,
58,1517428383.10928,1520545212.11242,420,6300,NLRB,National Labor Relations Board,4,"Protecting workplace democracy and the rights of employees, unions and employers under the National Labor Relations Act, in order to promote commerce and strengthen the Nation's economy.",https://www.nlrb.gov/,
59,1517428383.12691,1520545212.12565,455,6400,TVA,Tennessee Valley Authority,4,,,
60,1517428383.14437,1520545212.1394,65,6500,FMC,Federal Maritime Commission,4,Ensure a competitive and reliable international ocean transportation supply system that supports the U.S. economy and protects the public from unfair and deceptive practices.,https://www.fmc.gov/,
61,1517428383.16189,1520545212.15532,68,6800,EPA,Environmental Protection Agency,5,Our mission is to protect human health and the environment.,https://www.epa.gov/,EPA.jpg
62,1517428383.54949,1520545212.54116,69,6900,DOT,Department of Transportation,4,"Serve the United States by ensuring a fast, safe, efficient, accessible and convenient transportation system that meets our vital national interests and enhances the quality of life of the American people, today and into the future.",https://www.transportation.gov/,DOTransportation.jpg
63,1517428383.99003,1520545212.87689,70,7000,DHS,Department of Homeland Security,3,"With honor and integrity, we will safeguard the American people, our homeland, and our values.",https://www.dhs.gov/,DHS.jpg
64,1517428384.4447,1520545213.28928,71,7100,OPIC,Overseas Private Investment Corporation,4,,,
65,1517428384.46232,1520545213.31686,72,7200,USAID,Agency for International Development,1,"We partner to end extreme poverty and promote resilient, democratic societies while advancing our security and prosperity.",https://www.usaid.gov/,USAID.jpg
12,1517428375.30034,1520545205.58993,1125,1145,PC,Peace Corps,1,"To promote world peace and friendship by fulfilling three goals: (1) To help the people of interested countries in meeting their need for trained men and women; (2) To help promote a better understanding of Americans on the part of the peoples served, and (3) To help promote a better understanding of other peoples on the part of Americans.",https://www.peacecorps.gov/,
14,1517428375.38395,1520545205.65912,12,1200,USDA,Department of Agriculture,4,"We provide leadership on food, agriculture, natural resources, rural development, nutrition, and related issues based on sound public policy, the best available science, and efficient management.",https://www.usda.gov/,USDA.jpg
20,1517428378.03399,1520545207.97451,18,1800,USPS,U.S. Postal Service,4,,,
36,1517428381.26218,1520545210.58115,34,3400,USITC,International Trade Commission,1,"Consistent with its statutory mandate, the Commission makes determinations in proceedings involving imports claimed to injure a domestic industry or violate U.S. intellectual property rights; provides independent tariff, trade and competitiveness-related analysis and information; and maintains the U.S. tariff schedule.",https://www.usitc.gov/,
38,1517428381.90411,1520545211.15726,389,4100,MSPB,Merit Systems Protection Board,8,Protect the Merit System Principles and promote an effective Federal workforce free of Prohibited Personnel Practices.,https://www.mspb.gov/,
66,1517428384.49378,1520545213.33022,73,7300,SBA,Small Business Administration,4,To maintain and strengthen the nation's economy by enabling the establishment and vitality of small businesses and to assist in the economic recovery of communities after disasters.,https://www.sba.gov/,SBA.jpg
104,1517428389.01369,1520545217.24475,373,9535,IAIA,Institute of American Indian and Alaska Native Culture and Arts Development,8,,,
67,1517428384.52456,1520545213.43656,74,7400,ABMC,American Battle Monuments Commission,8,"As the preeminent guardian of America's overseas commemorative cemeteries and memorial, the American Battle Monuments Commission honors the service of the armed forces by designing, constructing, maintaining and operating permanent American cemeteries, and establishing, maintaining, and approving designs of memorials, markers, and monuments where America's armed forces have served beyond our borders.",https://www.abmc.gov/,
68,1517428384.54255,1520545213.45014,75,7500,HHS,Department of Health and Human Services,7,"It is the mission of the U.S. Department of Health & Human Services (HHS) to enhance and protect the health and well-being of all Americans. We fulfill that mission by providing for effective health and human services and fostering advances in medicine, public health, and social services.",https://www.hhs.gov/,DHHS.jpg
69,1517428385.12871,1520545213.88999,465,7635,,Christopher Columbus Fellowship Foundation,1,,,
70,1517428385.16193,1520545213.90477,7801,7800,FCA,Farm Credit Administration,4,,,
71,1517428385.25387,1520545213.97954,7802,7800,FCSIC,Farm Credit System Insurance Corporation,4,"The Farm Credit System Insurance Corporation (FCSIC), a government-controlled, independent entity, shall: protect investors in insured Farm Credit System obligations and taxpayers through sound administration of the Farm Credit Insurance Fund (Insurance Fund); exercise its authorities to minimize Insurance Fund loss; and help ensure the future of a permanent system for delivery of credit to agricultural borrowers.",https://www.fcsic.gov/,
72,1517428385.28366,1520545214.00376,80,8000,NASA,National Aeronautics and Space Administration,1,"Drive advances in science, technology, aeronautics, and space exploration to enhance knowledge, education, innovation, economic vitality, and stewardship of Earth.",https://www.nasa.gov/,NASA.jpg
73,1517428385.47429,1520545214.15278,913,8200,FHLBB,Federal Home Loan Bank System,6,,,
74,1517428385.4921,1520545214.16722,83,8300,EXIM,Export-Import Bank of the United States,4,"The Export-Import Bank of the United States (EXIM) is the official export credit agency of the United States. EXIM is an independent, self-sustaining Executive Branch agency with a mission of supporting American jobs by facilitating the export of U.S. goods and services.",https://www.exim.gov/,
75,1517428385.51007,1520545214.20782,84,84AF,AFRH,Armed Forces Retirement Home,2,,,
126,1517428389.44187,1520545217.57875,97,9700,DOD,Department of Defense,2,The mission of the Department of Defense is to provide the military forces needed to deter war and to protect the security of our country.,https://www.defense.gov/,DOD.jpg
127,1517428392.42049,1520545220.12616,428,,NEIGHBORWORKS,Neighborhood Reinvestment Corporation,6,,,
76,1517428385.55886,1520545214.22217,86,8600,HUD,Department of Housing and Urban Development,6,"HUD's mission is to create strong, sustainable, inclusive communities and quality affordable homes for all. HUD is working to strengthen the housing market to bolster the economy and protect consumers; meet the need for quality affordable rental homes; utilize housing as a platform for improving quality of life; build inclusive and sustainable communities free from discrimination, and transform the way HUD does business.",https://www.hud.gov/,DHUD.png
77,1517428386.10695,1520545214.64576,88,8800,NARA,National Archives and Records Administration,8,"Our Mission is to provide public access to Federal Government records in our custody and control. Public access to government records strengthens democracy by allowing Americans to claim their rights of citizenship, hold their government accountable, and understand their history so they can participate more effectively in their government.",https://www.archives.gov/,
78,1517428386.17388,1520545214.69758,89,8900,DOE,Department of Energy,4,"The mission of the Energy Department is to ensure America's security and prosperity by addressing its energy, environmental and nuclear challenges through transformative science and technology solutions.",https://energy.gov/,DOEnergy.jpg
79,1517428387.87839,1520545216.20525,90,9000,SSS,Selective Service System,2,"To provide manpower to the Defense Department during a national emergency, to manage alternative service for men classified as conscientious objectors, and to register, with only a few exceptions, all male U.S. citizens and male immigrants residing in the United States who are ages 18 through 25.",https://www.sss.gov/,
80,1517428387.89619,1520545216.21951,91,9100,ED,Department of Education,9,ED's mission is to promote student achievement and preparation for global competitiveness by fostering educational excellence and ensuring equal access.,https://www.ed.gov/,DOE.jpg
81,1517428388.60503,1520545216.93525,93,9300,FMCS,Federal Mediation and Conciliation Service,4,"FMCS's mission statement reflects the statutory intent of the Agency. Our mission is to: Promote the development of sound and stable labor management relationships; Prevent or minimize work stoppages by assisting labor and management to settle their disputes through mediation; Advocate collective bargaining, mediation and voluntary arbitration as the preferred processes for settling issues between employers and representatives of employees; Develop and advocate the art, science and practice of conflict resolution through the use of ADR; Assist parties in conflict through the provision of conflict resolution services; and Foster the establishment and maintenance of constructive joint processes to improve labor-management relationships, employment security and organizational effectiveness.",https://www.fmcs.gov/,
82,1517428388.62267,1520545216.9484,394,9502,NCPC,National Capital Planning Commission,1,,,
140,1517428392.68992,1520545220.49334,235,,MEDPAC,Medicare Payment Advisory Commission,7,,,
141,1517428392.70806,1520545220.50761,272,,CECC,Congressional-Executive Commission on People's Republic of China,1,,,
142,1517428392.72619,1520545220.52151,292,,USCC,United States-China Economic and Security Review Commission,1,,,
83,1517428388.64045,1520545216.96162,368,9504,FMSHRC,Federal Mine Safety and Health Review Commission,4,"The Federal Mine Safety and Health Review Commission (Commission) is an independent adjudicatory agency that provides administrative trial and appellate review of legal disputes arising under the Federal Mine Safety and Health Act of 1977 (Mine Act), as amended. Section 113 of the Mine Act establishes the Commission and sets forth its responsibilities. The Mine Improvement and New Emergency Response Act of 2006, P.L. 109-236 (MINER Act) added an additional responsibility to the Commission, resolving disputes between the Secretary of Labor and underground coal operators with respect to the contents of emergency response plans or the Secretary's refusal to approve such plans.",https://www.fmshrc.gov/,
84,1517428388.65811,1520545216.97504,360,9506,FEC,Federal Election Commission,1,To protect the integrity of the federal campaign finance process by providing transparency and fairly enforcing and administering federal campaign finance laws.,https://www.fec.gov/,
85,1517428388.67566,1520545216.98862,339,9507,CFTC,Commodity Futures Trading Commission,4,"The mission of the Commodity Futures Trading Commission (CFTC) is to foster open, transparent, competitive, and financially sound markets. By working to avoid systemic risk, the Commission aims to protect market users and their funds, consumers, and the public from fraud, manipulation, and abusive practices related to derivatives and other products that are subject to the Commodity Exchange Act (CEA).",http://www.cftc.gov/index.htm,
86,1517428388.69351,1520545217.00266,424,9508,NTSB,National Transportation Safety Board,4,Independently Advancing Transportation Safety,https://www.ntsb.gov/,
87,1517428388.71129,1520545217.01596,372,9510,,Harry S Truman Scholarship Foundation,9,,,
88,1517428388.72884,1520545217.02958,542,9511,CIGIE,The Council of the Inspectors General on Integrity and Efficiency,1,"Address integrity, economy, and effectiveness issues that transcend individual Government agencies; and increase the professionalism and effectiveness of personnel by developing policies, standards, and approaches to aid in the establishment of a well-trained and highly skilled workforce in the offices of the Inspectors General.",https://www.ignet.gov/,
89,1517428388.74668,1520545217.04265,382,9512,JUSFC,Japan-United States Friendship Commission,1,,,
90,1517428388.76441,1520545217.05613,387,9513,MMC,Marine Mammal Commission,5,"In 1972, the MMPA established the Marine Mammal Commission to provide independent oversight of the marine mammal conservation policies and programs being carried out by federal regulatory agencies.",https://www.mmc.gov/,
91,1517428388.78193,1520545217.06929,432,9514,OSHRC,Occupational Safety and Health Review Commission,7,"Provide an impartial forum for the just and prompt adjudication of workplace safety and health disputes involving the Department of Labor, employers, and employees, and/or their representatives under the Occupational Safety and Health Act of 1970 (Act), 29 U.S.C. ÃÃ 651-678.Ã®",https://www.oshrc.gov/,
92,1517428388.79986,1520545217.0824,302,9515,ACUS,Administrative Conference of the U.S.,1,"ACUS is an independent federal agency charged with convening expert representatives from the public and private sectors to recommend improvements to administrative process and procedure. ACUS initiatives promote efficiency, participation, and fairness in the promulgation of federal regulations and in the administration of federal programs.",https://www.acus.gov/,
93,1517428388.8175,1520545217.09574,347,9516,DNFSB,Defense Nuclear Facilities Safety Board,2,"The mission of the Board shall be to provide independent analysis, advice, and recommendations to the Secretary of Energy to inform the Secretary, in the role of the Secretary as operator and regulator of the defense nuclear facilities of the Department of Energy, in providing adequate protection of public health and safety at such defense nuclear facilities.",https://www.dnfsb.gov/,
94,1517428388.83502,1520545217.10912,326,9517,USCCR,Commission on Civil Rights,3,To inform the development of national civil rights policy and enhance enforcement of federal civil rights laws.,http://www.usccr.gov/,
95,1517428388.85293,1520545217.12281,338,9518,ABILITYONE,Committee for Purchase from People Who Are Blind or Severely Disabled,10,Our mission is to provide employment opportunities for people who are blind or have significant disabilities in the manufacture and delivery of products and services to the Federal Government.,http://www.abilityone.gov/,
96,1517428388.87144,1520545217.13634,467,9519,IC,Intelligence Community Staff,2,,,
97,1517428388.88924,1520545217.14935,525,9523,EAC,Election Assistance Commission,1,"The Commission shall serve as a national clearinghouse and resource for the compilation of information and review of procedures with respect to the administration of Federal elections by creating and maintaining voluntary voting system guidelines; providing for the testing, certification, decertification, and recertification of voting system hardware and software by accredited laboratories; periodically conducting and making available to the public studies regarding election administration issues; making payments to states to help them procure new voting equipment; developing and carrying out the Help America Vote College Program. - Public Law 107-252",https://www.eac.gov/,
98,1517428388.90709,1520545217.16281,421,9524,NMB,National Mediation Board,4,,,
99,1517428388.92466,1520545217.17656,535,9526,PCLOB,Privacy and Civil Liberties Oversight Board,3,,,
100,1517428388.9427,1520545217.1901,306,9530,ACHP,Advisory Council on Historic Preservation,8,"The Advisory Council on Historic Preservation promotes the preservation, enhancement, and sustainable use of our nationÃ­s diverse historic resources, and advises the President and the Congress on national historic preservation policy.",http://www.achp.gov/,
101,1517428388.96025,1520545217.20341,456,9531,USHMM,United States Holocaust Memorial Museum,8,,,
102,1517428388.97806,1520545217.21713,310,9532,,Access Board,10,"Lead the development, advancement, andâ implementation of accessibility through outreach, rulemaking (standards and guidelines) and education",https://www.access-board.gov/,
103,1517428388.99583,1520545217.23095,471,9533,,Gulf Coast Ecosystem Restoration Council,5,"The Council was formally established in 2015 as a new, independent Federal Agency with a clear mission to implement a long-term, comprehensive plan for the ecological and economic recovery of the Gulf Coast region.",https://www.restorethegulf.gov/,
105,1517428389.03144,1520545217.25832,323,9537,CFA,Commission of Fine Arts,8,"The Commission of Fine Arts is an independent federal agency charged with giving expert advice to the President, the Congress and the federal and District of Columbia governments on matters of design and aesthetics, as they affect the federal interest and preserve the dignity of the nation's capital.",https://www.cfa.gov/,
106,1517428389.04906,1520545217.27177,364,9540,FHFB,Federal Housing Finance Board,6,,,
107,1517428389.07932,1520545217.29389,381,9541,,James Madison Memorial Fellowship Foundation,9,,,
108,1517428389.09708,1520545217.30676,9566,9542,FHFA,Federal Housing Finance Agency,6,,,
109,1517428389.11497,1520545217.31975,524,9543,MCC,Millennium Challenge Corporation,1,MCC's mission is to reduce poverty through economic growth.,https://www.mcc.gov/,
143,1517428392.74419,1520545220.53521,295,,USCIRF,United States Commission on International Religious Freedom,8,,,
110,1517428389.13263,1520545217.33287,487,9545,UDALL,Morris K. Udall and Stewart L. Udall Foundation,1,"The Udall Foundation's mission is to provide programs to promote leadership, education, collaboration, and conflict resolution in the areas of environment, public lands, and natural resources in order to strengthen Native nations, assist federal agencies and others to resolve environmental conflicts, and to encourage the continued use and appreciation of our nation's rich resources.",https://udall.gov/,
111,1517428389.15036,1520545217.34676,517,9547,DRA,Delta Regional Authority,6,"The Delta Regional Authority will advance its communities through the practical application of innovative ideas and strategies that foster inclusive commuinities, strengthen regional collaboration and capacity, achieve sustained, long-term economic development and produce meaningful opportunities for all the Delta people.",http://dra.gov/,
112,1517428389.16811,1520545217.36079,434,9549,OGE,Office of Government Ethics,1,Provide overall leadership and oversight of the executive branch ethics program designed to prevent and resolve conflicts of interest.,https://www.oge.gov/,
113,1517428389.18602,1520545217.37478,581,955F,CFPB,Consumer Financial Protection Bureau,4,"The CFPB is a 21st century agency that helps consumer finance markets work by making rules more effective, by consistently and fairly enforcing those rules, and by empowering consumers to take more control over their economic lives.",https://www.consumerfinance.gov/,
114,1517428389.20356,1520545217.38905,313,9560,,Barry Goldwater Scholarship and Excellence In Education Foundation,9,"The Goldwater Scholarship Program, one of the oldest and most prestigious national scholarships in the natural sciences, engineering and mathematics in the United States, seeks to identify and support college sophomores and juniors who show exceptional promise of becoming this NationÃ­s next generation of research leaders in these fields.",https://goldwater.scholarsapply.org/,
115,1517428389.22149,1520545217.40373,539,9561,RATB,Recovery Accountability and Transparency Board,1,,,
116,1517428389.23905,1520545217.41809,362,9562,FFIEC,Federal Financial Institutions Examination Council,4,,,
117,1517428389.25669,1520545217.43233,510,9565,CSB,United States Chemical Safety Board,4,Drive chemical safety change through independent investigations to protect people and the environment.,http://www.csb.gov/,
118,1517428389.27455,1520545217.44681,514,9568,BBG,Broadcasting Board of Governors,8,"The mission of the Broadcasting Board of Governors is to inform, engage, and connect people around the world in support of freedom and democracy.",https://www.bbg.gov/,
119,1517428389.29243,1520545217.46121,512,9570,PRESIDIO,Presidio Trust,6,,,
120,1517428389.3102,1520545217.47519,513,9572,DENALI,Denali Commission,4,"The Denali Commission will partner with tribal, federal, state, and local governments and collaborate with all Alaskans to develop basic public infrastructure and enhance the quality of life in Alaska's communities.",https://www.denali.gov/,
121,1517428389.32829,1520545217.48918,485,9577,CNCS,Corporation for National and Community Service,6,"Improving lives, strengthening communities and fortifying the civic health of our nation.",https://www.nationalservice.gov/,
122,1517428389.34613,1520545217.50331,458,9580,USIP,United States Institute of Peace,8,,,
123,1517428389.3638,1520545217.51672,476,9589,UMWAHRF,United Mine Workers of America Health and Retirement Funds,10,,,
124,1517428389.38177,1520545217.53137,345,9593,CAVC,United States Court of Appeals for Veterans Claims,10,"The court has jurisdiction to, inter alia, (1) review decisions of the Board of Veterans' Appeals (Board) and may affirm, vacate, reverse, or remand as appropriate in such cases, (2) issue all writs necessary or appropriate in aid of its jurisdiction (28 U.S.C. Ã 1651), (3) set aside rules, and regulations issues or adopted by the Secretary, the Board, or the Board Chairman that are arbitrary or capricious, an abuse of discretion, or otherwise not in accordance with law, contrary to constitutional right, in excess of statutory jurisdiction or authority, or without observance of the procesdures required by law, and (4) compel actions of the Secretary of Veterans Affairs that were unlawfully withheld or unreasonably delayed.",https://www.uscourts.cavc.gov/,
125,1517428389.39956,1520545217.54512,511,9594,CSOSA,Court Services and Offender Supervision Agency,3,"CSOSA's mission is to enhance public safety, prevent crime and reduce recidivism among those supervised and to support the fair administration of justice in close collaboration with the community.",https://www.csosa.gov/,
128,1517428392.43805,1520545220.13994,96,,USACE,Corps of Engineers - Civil Works,5,"Serve the public by providing the Nation with quality and responsive Development and management of the Nation's water resources; Support of commercial navigation;  Restoration, protection and management of aquatic ecosystems; Flood risk management; and Engineering and technical services in an environmentally sustainable, economic, and technically sound manner with a focus on public safety and collaborative partnerships.",http://www.usace.army.mil/Missions/Civil-Works/,
129,1517428392.49331,1520545220.18485,309,,ARC,Appalachian Regional Commission,4,"ARC's mission is to innovate, partner, and invest to build community capacity and strengthen economic growth in Appalachia.",https://www.arc.gov/,
130,1517428392.51133,1520545220.19848,413,,NCD,National Council on Disability,10,"NCD's mission is to be a trusted advisor, in collaboration with people with disabilities to: The President; The Congress; Federal entities; State, tribal communities, and local governments; and Other entities and organizations. NCD fulfills its advisory roles regarding disability policies, programs, procedures, and practices that enhance equal opportunity by: Convening stakeholdersâ â to acquire timely and relevant input for recommendations and action steps; Gathering and analyzing data and other information; Engaging and influencing current debates and agendas; Identifying and formulating solutions to emerging and long-standing challenges; and Providing tools to facilitate effective implementation.",https://www.ncd.gov/,
131,1517428392.52897,1520545220.22599,519,,VEF,Vietnam Education Foundation,9,,,
132,1517428392.5467,1520545220.24023,914,,FREDDIE MAC,Federal Home Loan Mortgage Corporation,6,,,
133,1517428392.56459,1520545220.25471,915,,FANNIE MAE,Federal National Mortgage Association,6,,,
134,1517428392.58241,1520545220.35365,920,,THE FED,"Federal Reserve System, Board of Governors",4,,,
135,1517428392.60029,1520545220.40699,472,,STB,Surface Transportation Board,4,"The STB serves as an effective Federal forum for efficient resolution of surface transportation issues and disputes subject to its jurisdiction. The STB is vested with both adjudicatory and policy-making functions and exercises regulatory oversight efficiently and fairly, while working to integrate market forces.",https://www.stb.gov/,
136,1517428392.61831,1520545220.43562,474,,IMLS,Institute of Museum and Library Services,8,"The mission of IMLS is to inspire libraries and museums to advance innovation, lifelong learning, and cultural and civic engagement. We provide leadership through research, policy development, and grant making.",https://www.imls.gov/,
137,1517428392.636,1520545220.4511,570,,,Eisenhower Exchange Fellowship Program,8,,,
138,1517428392.65391,1520545220.46532,283,,,Dwight D. Eisenhower Memorial Commission,8,,,
144,1517428392.76221,1520545220.54862,573,,NBRC,Northern Border Regional Commission,6,"The mission of the Northern Border Regional Commission is to catalyze regional, collaborative, and transformative community economic development approaches that alleviate economic distress and position the region for economic growth.",http://www.nbrc.gov/,
145,1517428392.7802,1520545220.56231,289,,,Abraham Lincoln Bicentennial Commission,1,,,
146,1517428392.79846,1520545220.57628,400,,,National Commission on Libraries and Information Science,8,,,
147,1517428392.8164,1520545220.58965,17,,,Department of the Navy,2,,,
148,1517428392.82804,1520545220.59823,21,,,Department of the Army,2,,,
149,1517428392.83956,1520545220.60688,57,,,Department of the Air Force,2,,,
150,1517428392.85099,1520545220.61524,58,,FEMA,Federal Emergency Management Agency,10,,,
151,1517428393.02944,1520545220.75342,55,,ACIR,Advisory Commission on Intergovernmental Relations,1,,,
152,1517428393.0476,1520545220.76701,95,,NCS,Other Independent Agencies,1,,,
153,1517428393.16448,1520545220.85516,42,,PADC,Pennsylvania Avenue Development Corporation,6,,,
154,1517428393.18234,1520545220.8691,46,,,Other Small Agencies,1,,,
155,1517428393.23731,1520545220.91084,94,,,U.S. Arms Control and Disarmament Agency,3,,,
156,1517428393.2551,1520545220.92443,48,,,Temporary Commissions,2,,,
157,1517428393.3108,1520545220.96663,22,,,Resolution Funding Corporation,4,,,